Post Id,Scrape Date,Item nr,Main category,Subcategory,Post title,Post date,Vendor,New Post,Post status,Title bold,Vendor nr,Views,Sales,Quantity left,Autodispatch,Price USD,Price BTC,Pay methods 
1,Aug 05 2019,18898,Digital Products,Other,Minecraft Premium Account,Post date,ascius,New Post,Post status,Title bold,2908,Views,Sales,Quantity left,Autodispatch,Price USD,Price BTC,Pay methods 
2,Aug 05 2019,36297,Digital Products,Other,Jason&aposs Deli (eGift Non Carded) *HQ*,Post date,xiao_baobei,New Post,Post status,Title bold,977,Views,Sales,Quantity left,Autodispatch,Price USD,Price BTC,Pay methods 
3,Aug 05 2019,50121,Digital Products,Other,Make 400$ a day with email spamming (works in 2019),Post date,bestseller,New Post,Post status,Title bold,2989,Views,Sales,Quantity left,Autodispatch,Price USD,Price BTC,Pay methods 
4,Aug 05 2019,41948,Digital Products,Erotica,X-art PORN PREMIUM Lifetime Warranty,Post date,excelllence,New Post,Post status,Title bold,6749,Views,Sales,Quantity left,Autodispatch,Price USD,Price BTC,Pay methods 
5,Aug 05 2019,56572,Digital Products,E-Books,SPAM UP TO 100 SCAM PAGES AND LETTERS,Post date,JustBusiness,New Post,Post status,Title bold,562,Views,Sales,Quantity left,Autodispatch,Price USD,Price BTC,Pay methods 
6,Aug 05 2019,58424,Digital Products,Fraud Software,&#x2581 &#x2582 &#x2584 &#x2585 &#x2586 &#x2587 &#x2588 BTC wallet clipboard CHANGER &#x2588 &#x2587 &#x2586 &#x2585 &#x2584 &#x2582 &#x2581,Post date,Odin2030,New Post,Post status,Title bold,5697,Views,Sales,Quantity left,Autodispatch,Price USD,Price BTC,Pay methods 
7,Aug 05 2019,33922,Digital Products,Game Keys,E GIFT CARD 20+ Websites &#x2605Instant Delivery&#x2605,Post date,slipperypete,New Post,Post status,Title bold,3385,Views,Sales,Quantity left,Autodispatch,Price USD,Price BTC,Pay methods 
8,Aug 05 2019,16270,Digital Products,Legit Software,Make more than 1000&#x20AC With Betfair (NO Risk) INSTANT DELIVERY,Post date,SPTRLTD,New Post,Post status,Title bold,6859,Views,Sales,Quantity left,Autodispatch,Price USD,Price BTC,Pay methods 
9,Aug 05 2019,27146,Digital Products,Other,Hulu with Live TV [LIFETIME]&#x2605Auto Delivery&#x2605,Post date,bulkversion,New Post,Post status,Title bold,3315,Views,Sales,Quantity left,Autodispatch,Price USD,Price BTC,Pay methods 
10,Aug 05 2019,12435,Digital Products,Legit Software,Hack into any PC without password - Kon-Boot 2018,Post date,GodsLeftNut,New Post,Post status,Title bold,6794,Views,Sales,Quantity left,Autodispatch,Price USD,Price BTC,Pay methods 
11,Aug 05 2019,45105,Digital Products,Other,&#x2605DIRECTV&#x2605 ACCOUNT[RANDOM] [AUTO BUY],Post date,friday13th,New Post,Post status,Title bold,1002,Views,Sales,Quantity left,Autodispatch,Price USD,Price BTC,Pay methods 
12,Aug 05 2019,9558,Digital Products,Other,DIRECTV.COM - [LIFETIME DIRECTV PREMIUM ACCOUNT],Post date,MissPinky,New Post,Post status,Title bold,815,Views,Sales,Quantity left,Autodispatch,Price USD,Price BTC,Pay methods 
13,Aug 05 2019,25282,Digital Products,Erotica,&#x25B6SNAPCHAT EWHORE 17 GB PHOTOS &amp VIDEOS,Post date,breadsdrugged,New Post,Post status,Title bold,341,Views,Sales,Quantity left,Autodispatch,Price USD,Price BTC,Pay methods 
14,Aug 05 2019,15238,Digital Products,Erotica,SisLovesMe.com - [LIFETIME PORN PREMIUM ACCOUNT],Post date,MissPinky,New Post,Post status,Title bold,815,Views,Sales,Quantity left,Autodispatch,Price USD,Price BTC,Pay methods 
15,Aug 05 2019,38161,Digital Products,Erotica,Blackedraw PORN PREMIUM Lifetime Warranty,Post date,excelllence,New Post,Post status,Title bold,6749,Views,Sales,Quantity left,Autodispatch,Price USD,Price BTC,Pay methods 
16,Aug 05 2019,27620,Security & Hosting,Hosting,RDP Remote Desktop access (USA and EU),Post date,SATAII,New Post,Post status,Title bold,454,Views,Sales,Quantity left,Autodispatch,Price USD,Price BTC,Pay methods 
17,Aug 05 2019,30149,Security & Hosting,Hosting,build.com Account,Post date,cashboy,New Post,Post status,Title bold,1355,Views,Sales,Quantity left,Autodispatch,Price USD,Price BTC,Pay methods 
18,Aug 05 2019,31853,Security & Hosting,Hosting,RDP Windows/linux Remote Desktop VPS - Russia,Post date,Neolytik,New Post,Post status,Title bold,26,Views,Sales,Quantity left,Autodispatch,Price USD,Price BTC,Pay methods 
19,Aug 05 2019,31854,Security & Hosting,Hosting,RDP Windows/linux Remote Desktop VPS - Belgium,Post date,Neolytik,New Post,Post status,Title bold,26,Views,Sales,Quantity left,Autodispatch,Price USD,Price BTC,Pay methods 
20,Aug 05 2019,31855,Security & Hosting,Hosting,RDP Windows/linux Remote Desktop VPS - Bulgaria,Post date,Neolytik,New Post,Post status,Title bold,26,Views,Sales,Quantity left,Autodispatch,Price USD,Price BTC,Pay methods 
21,Aug 05 2019,31856,Security & Hosting,Hosting,RDP Windows/linux Remote Desktop VPS - Czech Republic,Post date,Neolytik,New Post,Post status,Title bold,26,Views,Sales,Quantity left,Autodispatch,Price USD,Price BTC,Pay methods 
22,Aug 05 2019,31857,Security & Hosting,Hosting,RDP Windows/linux Remote Desktop VPS - Hong Kong,Post date,Neolytik,New Post,Post status,Title bold,26,Views,Sales,Quantity left,Autodispatch,Price USD,Price BTC,Pay methods 
23,Aug 05 2019,31858,Security & Hosting,Hosting,RDP Windows/linux Remote Desktop VPS - Hungary,Post date,Neolytik,New Post,Post status,Title bold,26,Views,Sales,Quantity left,Autodispatch,Price USD,Price BTC,Pay methods 
24,Aug 05 2019,31859,Security & Hosting,Hosting,RDP Windows/linux Remote Desktop VPS - Italy,Post date,Neolytik,New Post,Post status,Title bold,26,Views,Sales,Quantity left,Autodispatch,Price USD,Price BTC,Pay methods 
25,Aug 05 2019,31860,Security & Hosting,Hosting,RDP Windows/linux Remote Desktop VPS - Israel,Post date,Neolytik,New Post,Post status,Title bold,26,Views,Sales,Quantity left,Autodispatch,Price USD,Price BTC,Pay methods 
26,Aug 05 2019,31861,Security & Hosting,Hosting,RDP Windows/linux Remote Desktop VPS - Moldova,Post date,Neolytik,New Post,Post status,Title bold,26,Views,Sales,Quantity left,Autodispatch,Price USD,Price BTC,Pay methods 
27,Aug 05 2019,31862,Security & Hosting,Hosting,RDP Windows/linux Remote Desktop VPS - Slovenia,Post date,Neolytik,New Post,Post status,Title bold,26,Views,Sales,Quantity left,Autodispatch,Price USD,Price BTC,Pay methods 
28,Aug 05 2019,31863,Security & Hosting,Hosting,RDP Windows/linux Remote Desktop VPS - Spain,Post date,Neolytik,New Post,Post status,Title bold,26,Views,Sales,Quantity left,Autodispatch,Price USD,Price BTC,Pay methods 
29,Aug 05 2019,31865,Security & Hosting,Hosting,RDP Windows/linux Remote Desktop VPS - Switzerland,Post date,Neolytik,New Post,Post status,Title bold,26,Views,Sales,Quantity left,Autodispatch,Price USD,Price BTC,Pay methods 
30,Aug 05 2019,32716,Security & Hosting,Hosting,dreamhost.com Account,Post date,cashboy,New Post,Post status,Title bold,1355,Views,Sales,Quantity left,Autodispatch,Price USD,Price BTC,Pay methods 
31,Aug 05 2019,92082,Counterfeit Items,Fake IDs,Perfect Scannable Nebraska ID UV OVI Perforations Holograms Passes bend test 600DPI Ultra-high,Post date,QualityFakeIDs,New Post,Post status,Title bold,46,Views,Sales,Quantity left,Autodispatch,Price USD,Price BTC,Pay methods 
32,Aug 05 2019,92083,Counterfeit Items,Fake IDs,Perfect Scannable Connecticut ID UV OVI Holograms Passes bend test 600DPI Ultra-high,Post date,QualityFakeIDs,New Post,Post status,Title bold,46,Views,Sales,Quantity left,Autodispatch,Price USD,Price BTC,Pay methods 
33,Aug 05 2019,92086,Counterfeit Items,Fake IDs,Perfect Scannable Rhode Island ID UV OVI Holograms Passes bend test 600DPI Ultra-highdefinition,Post date,QualityFakeIDs,New Post,Post status,Title bold,46,Views,Sales,Quantity left,Autodispatch,Price USD,Price BTC,Pay methods 
34,Aug 05 2019,93250,Counterfeit Items,Fake IDs,HIGH QUALITY FAKE DRIVERS LICENSE AVAILABLE,Post date,medscamp,New Post,Post status,Title bold,2,Views,Sales,Quantity left,Autodispatch,Price USD,Price BTC,Pay methods 
35,Aug 05 2019,93626,Counterfeit Items,Fake IDs,New CALIFORNIA Driver License Template 2019 !(PSD),Post date,BarryBusiness,New Post,Post status,Title bold,132,Views,Sales,Quantity left,Autodispatch,Price USD,Price BTC,Pay methods 
36,Aug 05 2019,2242,Carded Items,Clothing,MAKE $10k SELLING BRANDED COUNTERFEIT WATCHES ON EBAY + VIDEO,Post date,Lepricon,New Post,Post status,Title bold,3856,Views,Sales,Quantity left,Autodispatch,Price USD,Price BTC,Pay methods 
37,Aug 05 2019,2247,Carded Items,Digital,ALL MY 5 VIDEOS TO BECOME A PRO CARDER $5k/Day,Post date,Lepricon,New Post,Post status,Title bold,3856,Views,Sales,Quantity left,Autodispatch,Price USD,Price BTC,Pay methods 
38,Aug 05 2019,2254,Carded Items,Digital,VIDEO How To Cashout PAYPAL account. $200 in 8 min TRANSFERED ,Post date,Lepricon,New Post,Post status,Title bold,3856,Views,Sales,Quantity left,Autodispatch,Price USD,Price BTC,Pay methods 
39,Aug 05 2019,9139,Carded Items,Digital,2018 BITCOIN MEGAPACK&gt 50 BITCOIN CARDING GUI,Post date,wealthly,New Post,Post status,Title bold,937,Views,Sales,Quantity left,Autodispatch,Price USD,Price BTC,Pay methods 
40,Aug 05 2019,73177,Carded Items,Digital,[lifetime warranty] CBS All Access Premium Account [No Ads],Post date,IllerPirate,New Post,Post status,Title bold,915,Views,Sales,Quantity left,Autodispatch,Price USD,Price BTC,Pay methods 
41,Aug 05 2019,19316,Carded Items,Other,A Carder&#x2019s First Experience.pdf   INSTANT DELIVERY,Post date,SPTRLTD,New Post,Post status,Title bold,6859,Views,Sales,Quantity left,Autodispatch,Price USD,Price BTC,Pay methods 
42,Aug 05 2019,10938,Carded Items,Digital,How To Get a Background Check And Credit Report On,Post date,wealthly,New Post,Post status,Title bold,937,Views,Sales,Quantity left,Autodispatch,Price USD,Price BTC,Pay methods 
43,Aug 05 2019,90788,Carded Items,Appliances,&#x2605COMPLETE MEGACOURSE - BECOME A PRO MOBILE DEVELOPER IN 1 WEEK - MAKE 5000$+ A MONTH EASY&#x2605,Post date,DarknetWizard,New Post,Post status,Title bold,1610,Views,Sales,Quantity left,Autodispatch,Price USD,Price BTC,Pay methods 
44,Aug 05 2019,60698,Carded Items,Digital,[PRICE REDUCTION] WWE Network Subscription TV,Post date,IllerPirate,New Post,Post status,Title bold,915,Views,Sales,Quantity left,Autodispatch,Price USD,Price BTC,Pay methods 
45,Aug 05 2019,28889,Carded Items,Clothing,Booking.com Account,Post date,cashboy,New Post,Post status,Title bold,1355,Views,Sales,Quantity left,Autodispatch,Price USD,Price BTC,Pay methods 
46,Aug 05 2019,6417,Carded Items,Digital,WELLS FARGO CASHOUT GUIDE!!! LEARN HOW TO CASHOUT WELLS FARGO ACCOUNTS FOR $$$,Post date,GodsLeftNut,New Post,Post status,Title bold,6793,Views,Sales,Quantity left,Autodispatch,Price USD,Price BTC,Pay methods 
47,Aug 05 2019,44328,Carded Items,Digital,$1000 Delta GiftCard,Post date,OnlyAlphaKing,New Post,Post status,Title bold,274,Views,Sales,Quantity left,Autodispatch,Price USD,Price BTC,Pay methods 
48,Aug 05 2019,44989,Carded Items,Digital,Learn How To Make Money With Forex Trading,Post date,OnlyAlphaKing,New Post,Post status,Title bold,274,Views,Sales,Quantity left,Autodispatch,Price USD,Price BTC,Pay methods 
49,Aug 05 2019,50520,Carded Items,Digital,&#x2605ORIGINAL&#x2605 20 CARDING VIDEOS + 33 METHOS CASHOUT CC TO BTC +45 GB $6k/Day + 12.000$ METHODS &#x2605,Post date,TOPMONEYMAKER,New Post,Post status,Title bold,8676,Views,Sales,Quantity left,Autodispatch,Price USD,Price BTC,Pay methods 
50,Aug 05 2019,19448,Carded Items,Other,BarCodePro-611   INSTANT DELIVERY,Post date,SPTRLTD,New Post,Post status,Title bold,6859,Views,Sales,Quantity left,Autodispatch,Price USD,Price BTC,Pay methods 
51,Aug 05 2019,16368,Guides & Tutorials,Fraud,Loan Fraud Guide + How to Apply for USA Loans 2019 [AUTO-FULFILL],Post date,tvman,New Post,Post status,Title bold,3644,Views,Sales,Quantity left,Autodispatch,Price USD,Price BTC,Pay methods 
52,Aug 05 2019,5848,Guides & Tutorials,Fraud,&#x20AC&#x20AC&#x20AC&#x2588TheCompleteCarding &#x2588 ManualforBeginners&#x2588$$$,Post date,TikTokCC,New Post,Post status,Title bold,2779,Views,Sales,Quantity left,Autodispatch,Price USD,Price BTC,Pay methods 
53,Aug 05 2019,6418,Guides & Tutorials,Fraud,JOKERS STASH! LEARN HOW TO MAKE MONEY FROM HOME! WHY WORK 9 TO 5 WHEN YOU GOT THIS?!?!,Post date,GodsLeftNut,New Post,Post status,Title bold,5804,Views,Sales,Quantity left,Autodispatch,Price USD,Price BTC,Pay methods 
54,Aug 05 2019,58438,Guides & Tutorials,Fraud,&#x25B6 EXCLUSIVE POKER CARDING 60 PAGES TUTORIAL 2019 + HUUGE BONUS &#x2605&#x2605&#x2605&#x2605&#x2605,Post date,Odin2030,New Post,Post status,Title bold,5170,Views,Sales,Quantity left,Autodispatch,Price USD,Price BTC,Pay methods 
55,Aug 05 2019,231,Guides & Tutorials,Other,How To Make $25000 In 3 Days (Very Easy),Post date,DrunkDragon,New Post,Post status,Title bold,10792,Views,Sales,Quantity left,Autodispatch,Price USD,Price BTC,Pay methods 
56,Aug 05 2019,213,Guides & Tutorials,Drugs,How To Make Drugs (Tutorials Pack),Post date,DrunkDragon,New Post,Post status,Title bold,10792,Views,Sales,Quantity left,Autodispatch,Price USD,Price BTC,Pay methods 
57,Aug 05 2019,23338,Guides & Tutorials,Fraud,2019 LOGIN TO HACKED PAYPAL ACCOUNTS AND CASHOUT,Post date,TOPMONEYMAKER,New Post,Post status,Title bold,7230,Views,Sales,Quantity left,Autodispatch,Price USD,Price BTC,Pay methods 
58,Aug 05 2019,5871,Guides & Tutorials,Hacking,FACEBOOK INSTAGRAM AMAZON PASSWORD HACKER &#x2013 INSTANT DELIVERY,Post date,rvaska,New Post,Post status,Title bold,4113,Views,Sales,Quantity left,Autodispatch,Price USD,Price BTC,Pay methods 
59,Aug 05 2019,90,Guides & Tutorials,Other,How To Make $3000 A Month With Youtube (No Video Creation),Post date,DrunkDragon,New Post,Post status,Title bold,10792,Views,Sales,Quantity left,Autodispatch,Price USD,Price BTC,Pay methods 
60,Aug 05 2019,11211,Guides & Tutorials,Other,MAKE 3000$ A WEEK WITH BETTING AND GAMBLING - MUST BUYgu,Post date,mrq1234,New Post,Post status,Title bold,2835,Views,Sales,Quantity left,Autodispatch,Price USD,Price BTC,Pay methods 
61,Aug 05 2019,58408,Guides & Tutorials,Other,HOW TO MAKE OVER $300 DAILY IN BITCOINS 2019 + HUUUGE BONUS INSIDE! 100% satisfaction Guaranteed!,Post date,Odin2030,New Post,Post status,Title bold,5170,Views,Sales,Quantity left,Autodispatch,Price USD,Price BTC,Pay methods 
62,Aug 05 2019,145,Guides & Tutorials,Other,How To Bypass Paypal Phone Verification,Post date,DrunkDragon,New Post,Post status,Title bold,10792,Views,Sales,Quantity left,Autodispatch,Price USD,Price BTC,Pay methods 
63,Aug 05 2019,2307,Guides & Tutorials,Hacking,PAYPAL Cookie/UserAgent TUTORIAL[1000% LogIn Rate*],Post date,Lepricon,New Post,Post status,Title bold,3727,Views,Sales,Quantity left,Autodispatch,Price USD,Price BTC,Pay methods 
64,Aug 05 2019,247,Guides & Tutorials,Fraud,How To Cashout CVV To E-GiftCards,Post date,DrunkDragon,New Post,Post status,Title bold,10792,Views,Sales,Quantity left,Autodispatch,Price USD,Price BTC,Pay methods 
65,Aug 05 2019,102,Guides & Tutorials,Other,How To get Free Uber Rides For Life!,Post date,DrunkDragon,New Post,Post status,Title bold,10792,Views,Sales,Quantity left,Autodispatch,Price USD,Price BTC,Pay methods 
